url,email,phone,reason,qualified
https://www.centexmaterials.com/,,78744 512.460.3003,Ready-mix supplier likely needs higher output consistency,True
https://www.facebook.com/SupremeReadyMixLLC/,,,Ready-mix supplier likely needs higher output consistency,True
https://www.cowtownrm.com/?utm_source=GBP&utm_medium=gbp&utm_campaign=dallas,,817-759-2599 817-759-2599 817-759-2599,Ready-mix supplier likely needs higher output consistency,True
https://www.martinmarietta.com/locations/southwest/north-texas-ready-mix-district/spangler-road-ready-mix/,,972) 647-6760,Ready-mix supplier likely needs higher output consistency,True
https://www.bigdreadymix.com/,,972) 737-7976,Ready-mix supplier likely needs higher output consistency,True
https://www.facebook.com/SupremeReadyMixLLC,,,Ready-mix supplier likely needs higher output consistency,True
http://reliableconcretedallas.com/,reliableconcretedallas@gmail.com,214-752-8277,Ready-mix supplier likely needs higher output consistency,True
https://www.martinmarietta.com/locations/southwest/north-texas-ready-mix-district/corinth-ready-mix/,,972) 647-6760,Ready-mix supplier likely needs higher output consistency,True
https://www.martinmarietta.com/locations/southwest/north-texas-oklahoma-district/dallas-yard-and-sand-plant/,,972) 647-6789,Ready-mix supplier likely needs higher output consistency,True
https://www.martinmarietta.com/locations/southwest/ctm-district/ctm/,,972) 409-3240,Ready-mix supplier likely needs higher output consistency,True
https://www.heidelbergmaterials.us/?utm_source=gmb&utm_medium=website&utm_campaign=brand,,,Ready-mix supplier likely needs higher output consistency,True
https://concreteprosreadymix.com/,,713) 731 7225,Ready-mix supplier likely needs higher output consistency,True
https://argos-us.com/locations/mykawa/,,1-713-273-2800,Ready-mix supplier likely needs higher output consistency,True
https://alleytonresource.net/ready-mix-concrete/,,281-238-1010,Ready-mix supplier likely needs higher output consistency,True
http://www.alldayconcreteinc.com/,dispatch@alldayconcrete.com,713-987-0741,Ready-mix supplier likely needs higher output consistency,True
http://www.rhinoreadymix.com/,matt@rhinoreadymix.com,713-360-6250,Ready-mix supplier likely needs higher output consistency,True
http://www.metroreadymix.net/,,713-991-6466,Ready-mix supplier likely needs higher output consistency,True
http://scctx.com/,,1.2.251840900,Ready-mix supplier likely needs higher output consistency,True
https://www.facebook.com/OnTimeConcreteReadyMix,,,Ready-mix supplier likely needs higher output consistency,True
https://www.crazyhorseconcrete.com/,,281-235-3978,Ready-mix supplier likely needs higher output consistency,True
https://argos-us.com/locations/fulton-12/?utm_source=google&utm_medium=organic&utm_campaign=gmb,,1-713-273-2800,Ready-mix supplier likely needs higher output consistency,True
https://argos-us.com/locations/renwick-12/?utm_source=google&utm_medium=organic&utm_campaign=gmb,,1-713-273-2800,Ready-mix supplier likely needs higher output consistency,True
http://www.concreteondemand.com/,sales@concreteondemand.com,281) 755-5900,Operates batch plant → may upgrade to volumetric,True
https://www.texasmaterials.com/,,78613 512-861-7100,Ready-mix supplier likely needs higher output consistency,True
https://www.sanantonioconcretecontractors.com/,,210-750-6867 (210) 750-6867,On-site pours → volumetric mixer saves travel,True
http://www.gccreadymix.com/,,+1 303-739-5900,Ready-mix supplier likely needs higher output consistency,True
http://www.gccusa.com/,,+1 303-739-5900,Ready-mix supplier likely needs higher output consistency,True
http://www.gcc.com/,,+1 303-739-5900,Ready-mix supplier likely needs higher output consistency,True
https://www.martinmarietta.com/locations/southwest/north-texas-ready-mix-district/euless-ready-mix/,,972) 647-6760,Ready-mix supplier likely needs higher output consistency,True
http://www.wisereadymix.com/,,817) 444-6377 (940) 683-4255,Ready-mix supplier likely needs higher output consistency,True
https://www.martinmarietta.com/locations/southwest/north-texas-ready-mix-district/hemphill-ready-mix/,,972) 647-6760,Ready-mix supplier likely needs higher output consistency,True
https://www.cowtownrm.com/?utm_source=GBP&utm_medium=gbp&utm_campaign=fort-worth,,817-759-2599 817-759-2599 817-759-2599,Ready-mix supplier likely needs higher output consistency,True
https://texasmaterials.com/,,78613 512-861-7100,Ready-mix supplier likely needs higher output consistency,True
https://qualityreadymixtx.com/,,361) 289-2515,Ready-mix supplier likely needs higher output consistency,True
http://www.qualityreadymixtx.com/,,361) 289-2515,Ready-mix supplier likely needs higher output consistency,True
http://www.dcconcretecutting.net/,dcconcretecutting@outlook.com,361) 289-9380,Concrete supplier (generic),True
https://www.martinmarietta.com/locations/southwest/central-texas-district/corpus-christi-yard,,361) 299-6299,Ready-mix supplier likely needs higher output consistency,True
http://triplecconcreteoflubbock.com/,,806-745-1111,Ready-mix supplier likely needs higher output consistency,True
https://www.martinmarietta.com/locations/southwest/mobile-industrial-solutions/lubbock-ready-mix,,806) 474-2721,Ready-mix supplier likely needs higher output consistency,True
