company,domain,contact_name,contact_title,contact_email,phone,industry,employee_count,country,source
RMC Ready-Mix: Home,rmcreadymix.ca,,,sales@rmcreadymix.ca,,construction,51-200,canada,content_regex
Canadian Ready Mix: Ready Mix Concrete In Hamilton| Home,readymixconcretedelivery.ca,,,pdmconstructionservices@hotmail.com,,,,,content_regex
Concast Pipe Inc - Precast Concrete Products - Home -,concastpipe.com,,,sales@concastpipe.com,,building materials,51-200,canada,content_regex
Structural Precast,structuralprecast.com,,,info@structuralprecast.com,,construction,11-50,canada,content_regex
Canadian Precast Ltd.: Precast Concrete Solutions,cancast.ca,,,stefano@cancast.ca,,facilities services,1-10,canada,content_regex
Civil Construction - Complex Concrete Works,tceont.com,,,info@tceont.com,,construction,51-200,canada,content_regex
CIF Construction | Concrete Contractor - Prince George BC,cifcon.com,,,info@cifcon.com,,construction,51-200,canada,content_regex
Concrete Recycling in Prince George,recyclecorp.ca,,,info@recyclecorp.ca,,,1-10,canada,content_regex
Asphalt & Concrete Recycling - Heavy Equipment Supply ...,frontline-machinery.com,,,info@fl-machinery.com,,machinery,11-50,canada,content_regex
Precast Manufacturing Company: HOME,precastmfgco.com,,,pmcinfo@precastmfgco.com,,construction,11-50,united states,content_regex
Gate Precast Concrete | Architectural Precast Concrete,gateprecast.com,,,design@gateprecast.com,,,,,content_regex
"Gregory Construction | Concrete Results, Civil Solutions",gregoryconstruction.com,,,info@gregoryconstruction.com,,,,,content_regex
Civil - UAG Construction Miami Florida,uagconstruction.com,,,info@uagconstruction.com,,,,,content_regex
