url,email,phone,reason,qualified,email_draft
https://www.centexmaterials.com/,,78744 512.460.3003,Ready-mix supplier likely needs higher output consistency,True,"Subject: Upgrade to High-Output Volumetric Concrete Mixers

Dear [Recipient's Name],

I’m reaching out to discuss the potential benefits of upgrading to a high-output volumetric concrete mixer for Centex Materials. Given the demands of the ready-mix market, a more consistent mix can significantly reduce waste while improving delivery efficiency. Additionally, our mixers come with CloudOps remote monitoring, allowing for real-time performance insights.

I believe a brief conversation could uncover valuable opportunities for your operations. Would you be open to a 15-minute call to explore this further?

Best regards,  
[Your Name]  
[Your Position]  
[Your Contact Information]"
https://www.facebook.com/SupremeReadyMixLLC/,,,Ready-mix supplier likely needs higher output consistency,True,"Subject: Enhance Your Ready-Mix Operations

Hi [Decision-Maker's Name],

I’m reaching out to discuss how a high-output volumetric concrete mixer can improve your operations at Facebook. Upgrading could provide consistent mix quality and reduce material waste, ultimately enhancing your supply chain efficiency.

Our mixers also come equipped with CloudOps remote monitoring, allowing for real-time adjustments and better resource management.

I’d appreciate the opportunity to explore this further. Would you be open to a brief 15-minute call next week?

Best,  
[Your Name]  
[Your Position]  
[Your Company]  
[Your Contact Information]"
https://www.cowtownrm.com/?utm_source=GBP&utm_medium=gbp&utm_campaign=dallas,,817-759-2599 817-759-2599 817-759-2599,Ready-mix supplier likely needs higher output consistency,True,"Subject: Enhance Your Ready-Mix Operations  

Dear [Decision Maker's Name],  

I’m reaching out to discuss how upgrading to a high-output volumetric concrete mixer can improve Cowtown RM’s operations. A consistent mix ensures high-quality output, while reduced waste can lead to significant cost savings. Additionally, our CloudOps remote monitoring feature allows for real-time oversight, further enhancing efficiency.  

I believe a brief 15-minute call could provide valuable insights into how this upgrade can benefit your business. Would you be available this week?  

Best,  
[Your Name]  
[Your Position]  
[Your Contact Information]"
https://www.martinmarietta.com/locations/southwest/north-texas-ready-mix-district/spangler-road-ready-mix/,,972) 647-6760,Ready-mix supplier likely needs higher output consistency,True,"Subject: Enhancing Your Concrete Supply with High-Output Mixers

Dear [Decision-Maker's Name],

I’m reaching out to discuss how upgrading to a high-output volumetric concrete mixer could enhance your operations at Martin Marietta. With the increasing demand for consistent output in ready-mix supply, our mixers provide a reliable solution that minimizes waste and ensures uniformity in every batch. Additionally, our CloudOps remote monitoring system allows for real-time oversight, optimizing your production efficiency.

I’d appreciate the opportunity to discuss this further in a brief 15-minute call. Please let me know your availability.

Best regards,  
[Your Name]  
[Your Position]  
[Your Company]  
[Your Contact Information]"
https://www.bigdreadymix.com/,,972) 737-7976,Ready-mix supplier likely needs higher output consistency,True,"Subject: Enhance Your Concrete Production Efficiency

Dear [Recipient's Name],

I hope this message finds you well. I am reaching out because I believe upgrading to a high-output volumetric concrete mixer could significantly enhance your operations at Big D Ready Mix. 

These mixers provide consistent mix quality, reduce material waste, and offer CloudOps remote monitoring for better operational oversight. This could streamline your production and improve customer satisfaction.

I would appreciate the opportunity to discuss how this upgrade could benefit your business in a brief 15-minute call. Please let me know your availability.

Best regards,  
[Your Name]  
[Your Position]  
[Your Contact Information]"
https://www.facebook.com/SupremeReadyMixLLC,,,Ready-mix supplier likely needs higher output consistency,True,"Subject: Enhance Your Ready-Mix Operations

Dear [Recipient's Name],

I’m reaching out to discuss how upgrading to a high-output volumetric concrete mixer can benefit your ready-mix supply chain. With consistent output and reduced waste, you can improve operational efficiency and ensure quality control across projects. Our mixers also feature CloudOps remote monitoring for real-time data insights.

I believe a brief 15-minute call could help explore how this upgrade aligns with your goals. Please let me know your availability.

Best regards,  
[Your Name]  
[Your Company]  
[Your Contact Information]"
http://reliableconcretedallas.com/,reliableconcretedallas@gmail.com,214-752-8277,Ready-mix supplier likely needs higher output consistency,True,"Subject: Upgrade Your Concrete Mixing for Higher Output

Dear [Decision-Maker's Name],

I’m reaching out to discuss how upgrading to a high-output volumetric concrete mixer could enhance your operations at Reliable Concrete Dallas. A consistent mix ensures better quality control and reduces material waste, ultimately improving your bottom line. Additionally, our CloudOps remote monitoring feature allows for real-time adjustments, ensuring optimal performance.

Could we schedule a brief 15-minute call to explore how this upgrade can meet your needs?

Best regards,  
[Your Name]  
[Your Position]  
[Your Contact Information]"
https://www.martinmarietta.com/locations/southwest/north-texas-ready-mix-district/corinth-ready-mix/,,972) 647-6760,Ready-mix supplier likely needs higher output consistency,True,"Subject: Enhance Your Ready-Mix Operations

Dear [Decision Maker's Name],

I hope this message finds you well. I wanted to discuss how upgrading to a high-output volumetric concrete mixer could significantly benefit your operations at Martin Marietta. Our advanced mixers provide consistent mix quality and reduce waste, ensuring you meet demand efficiently.

Additionally, our CloudOps remote monitoring system allows for real-time adjustments, optimizing production and minimizing downtime. 

Could we schedule a brief 15-minute call to explore how this upgrade could enhance your ready-mix supply capabilities?

Best regards,  
[Your Name]  
[Your Position]  
[Your Company]  
[Your Contact Information]"
https://www.martinmarietta.com/locations/southwest/north-texas-oklahoma-district/dallas-yard-and-sand-plant/,,972) 647-6789,Ready-mix supplier likely needs higher output consistency,True,"Subject: Enhance Your Concrete Supply Efficiency

Dear [Recipient's Name],

I understand that maintaining high output consistency is crucial for your ready-mix operations at Martin Marietta. Upgrading to a high-output volumetric concrete mixer can significantly improve your production efficiency by ensuring a consistent mix and reducing waste. Additionally, our CloudOps remote monitoring feature allows for real-time adjustments, optimizing your workflow.

I’d appreciate the opportunity to discuss how this upgrade can benefit your operations. Would you be available for a brief 15-minute call next week?

Best regards,  
[Your Name]  
[Your Company]  
[Your Contact Information]"
https://www.martinmarietta.com/locations/southwest/ctm-district/ctm/,,972) 409-3240,Ready-mix supplier likely needs higher output consistency,True,"Subject: Enhancing Your Concrete Production Efficiency

Dear [Decision Maker's Name],

I hope this message finds you well. I’m reaching out to discuss how upgrading to a high-output volumetric concrete mixer can significantly enhance your ready-mix operations at Martin Marietta. Our mixers ensure consistent mix quality and reduce waste, leading to increased efficiency and cost savings.

Additionally, our CloudOps remote monitoring feature allows for real-time adjustments, ensuring optimal performance at all times. 

I’d appreciate the opportunity to discuss this further in a brief 15-minute call. Please let me know a time that works for you.

Best regards,  
[Your Name]  
[Your Contact Information]  
[Your Company]"
https://www.heidelbergmaterials.us/?utm_source=gmb&utm_medium=website&utm_campaign=brand,,,Ready-mix supplier likely needs higher output consistency,True,"Subject: Enhance Your Ready-Mix Operations

Dear [Recipient's Name],

I’m reaching out to discuss how upgrading to a high-output volumetric concrete mixer could benefit Heidelberg Materials. Given the demands for consistent output in ready-mix supply, our advanced mixers ensure uniformity while significantly reducing material waste.

Additionally, our CloudOps remote monitoring feature allows for real-time adjustments, enhancing operational efficiency. 

I’d appreciate the opportunity to discuss this further and explore how we can support your goals. Would you be available for a brief 15-minute call next week?

Best regards,  
[Your Name]  
[Your Position]  
[Your Contact Information]"
https://concreteprosreadymix.com/,,713) 731 7225,Ready-mix supplier likely needs higher output consistency,True,"Subject: Upgrade to High-Output Volumetric Concrete Mixers

Dear [Recipient's Name],

I hope this message finds you well. I’m reaching out to discuss how upgrading to a high-output volumetric concrete mixer could enhance your operations at Concrete Pros Ready Mix. With a consistent mix and reduced waste, you'll improve efficiency and reliability for your customers. Additionally, our CloudOps remote monitoring can streamline your workflow and provide real-time data insights.

Would you be open to a brief 15-minute call to explore how this upgrade can benefit your business?

Best regards,  
[Your Name]  
[Your Position]  
[Your Company]  
[Your Contact Information]"
https://argos-us.com/locations/mykawa/,,1-713-273-2800,Ready-mix supplier likely needs higher output consistency,True,"Subject: Upgrade to High-Output Volumetric Mixers

Hi [Name],

I’m reaching out to discuss how upgrading to a high-output volumetric concrete mixer can enhance Argos's ready-mix operations. With a focus on higher output consistency, our mixers ensure a uniform mix every time, significantly reducing waste and improving efficiency.

Additionally, our CloudOps remote monitoring feature allows for real-time oversight, optimizing production and minimizing downtime. 

Would you be open to a brief 15-minute call to explore how this upgrade could benefit Argos? 

Best,  
[Your Name]  
[Your Position]  
[Your Contact Information]"
https://alleytonresource.net/ready-mix-concrete/,,281-238-1010,Ready-mix supplier likely needs higher output consistency,True,"Subject: Upgrade to a High-Output Volumetric Mixer

Hi [Recipient's Name],

I’m reaching out to discuss how upgrading to a high-output volumetric concrete mixer can enhance your operations at Alleyton Resource. With the demand for consistent, high-quality mixes, our solution offers improved output consistency and reduced material waste. Additionally, our CloudOps remote monitoring feature ensures optimal performance and real-time adjustments.

I believe a brief 15-minute call could provide valuable insights into how this upgrade can benefit your ready-mix supply. Would you be available this week?

Best regards,  
[Your Name]  
[Your Position]  
[Your Contact Information]"
http://www.alldayconcreteinc.com/,dispatch@alldayconcrete.com,713-987-0741,Ready-mix supplier likely needs higher output consistency,True,"Subject: Enhance Your Concrete Production Efficiency

Hi [Recipient's Name],

I’m reaching out to discuss how upgrading to a high-output volumetric concrete mixer can enhance your operations at All Day Concrete. With the increasing demand for consistent mix quality and output, our mixers reduce waste and ensure precise delivery. Additionally, our CloudOps remote monitoring feature allows for real-time adjustments, optimizing production efficiency.

I’d appreciate the opportunity to explore how this upgrade can benefit your business. Could we schedule a brief 15-minute call next week?

Best,  
[Your Name]  
[Your Position]  
[Your Contact Information]"
http://www.rhinoreadymix.com/,matt@rhinoreadymix.com,713-360-6250,Ready-mix supplier likely needs higher output consistency,True,"Subject: Upgrade Your Concrete Mixing Efficiency

Dear [Decision-Maker's Name],

I hope this message finds you well. I’m reaching out to discuss how upgrading to a high-output volumetric concrete mixer could enhance Rhino Ready Mix’s operations. Our mixers provide consistent mixes and reduce material waste, ensuring you meet customer demands more efficiently. Additionally, our CloudOps remote monitoring allows for real-time adjustments, enhancing productivity.

I’d appreciate the opportunity to discuss this further. Could we schedule a brief 15-minute call to explore how this upgrade could benefit your operations?

Best regards,  
[Your Name]  
[Your Position]  
[Your Company]  
[Your Contact Information]"
http://www.metroreadymix.net/,,713-991-6466,Ready-mix supplier likely needs higher output consistency,True,"Subject: Elevate Your Concrete Mixing Efficiency

Dear [Recipient's Name],

I hope this message finds you well. I wanted to discuss how upgrading to a high-output volumetric concrete mixer could enhance your operations at Metro Ready Mix. With improved output consistency and reduced waste, you can streamline your supply process and ensure a reliable product every time. Our CloudOps remote monitoring also allows for real-time adjustments, further optimizing your mix.

Could we schedule a brief 15-minute call to explore how this upgrade could benefit your business?

Best regards,  
[Your Name]  
[Your Position]  
[Your Contact Information]"
http://scctx.com/,,1.2.251840900,Ready-mix supplier likely needs higher output consistency,True,"Subject: Enhance Your Ready-Mix Operations

Dear [Decision-Maker's Name],

I hope this message finds you well. I noticed that scctx.com could benefit from a high-output volumetric concrete mixer. Upgrading could provide your ready-mix supply with greater output consistency, ensuring a uniform mix and reducing material waste. Additionally, our CloudOps remote monitoring can optimize operations, giving you real-time insights.

Would you be open to a brief 15-minute call to discuss how this upgrade can enhance your efficiency and bottom line?

Best regards,  
[Your Name]  
[Your Position]  
[Your Company]  
[Your Contact Information]"
https://www.facebook.com/OnTimeConcreteReadyMix,,,Ready-mix supplier likely needs higher output consistency,True,"Subject: Enhance Your Ready-Mix Operations

Dear [Recipient's Name],

I’m reaching out to discuss how upgrading to a high-output volumetric concrete mixer could benefit Facebook’s ready-mix supply. With its ability to deliver consistent mixes and reduce waste, this technology can significantly enhance your operational efficiency. Additionally, our CloudOps remote monitoring system allows for real-time adjustments, ensuring optimal performance.

I’d appreciate the opportunity to discuss this further and explore how we can support your needs. Could we schedule a brief 15-minute call this week?

Best regards,  
[Your Name]  
[Your Position]  
[Your Company]  
[Your Contact Information]"
https://www.crazyhorseconcrete.com/,,281-235-3978,Ready-mix supplier likely needs higher output consistency,True,"Subject: Enhance Your Concrete Supply Efficiency

Hi [Name],

I’m reaching out to discuss an opportunity to upgrade to a high-output volumetric concrete mixer. Given your focus on providing consistent ready-mix, this upgrade could significantly enhance your output consistency, reduce waste, and improve overall efficiency.

With features like CloudOps remote monitoring, you can optimize operations and ensure quality control in real-time. 

Would you be open to a brief 15-minute call to explore how this could benefit Crazy Horse Concrete? 

Best,  
[Your Name]  
[Your Company]  
[Your Contact Information]"
https://argos-us.com/locations/fulton-12/?utm_source=google&utm_medium=organic&utm_campaign=gmb,,1-713-273-2800,Ready-mix supplier likely needs higher output consistency,True,"Subject: Upgrade Your Concrete Mixing Capabilities

Hi [Recipient's Name],

I’m reaching out to discuss how upgrading to a high-output volumetric concrete mixer can enhance Argos US’s operations. With the demand for consistent mix quality increasing, our advanced mixers ensure uniformity and reduce waste, leading to cost savings and improved project timelines. Additionally, our CloudOps remote monitoring provides real-time insights, allowing for better resource management.

Would you be open to a brief 15-minute call to explore how this upgrade could benefit your ready-mix supply chain?

Best,  
[Your Name]  
[Your Position]  
[Your Contact Information]  
[Your Company]"
https://argos-us.com/locations/renwick-12/?utm_source=google&utm_medium=organic&utm_campaign=gmb,,1-713-273-2800,Ready-mix supplier likely needs higher output consistency,True,"Subject: Enhance Your Ready-Mix Operations

Dear [Decision-Maker's Name],

I hope this message finds you well. I wanted to discuss how upgrading to a high-output volumetric concrete mixer could significantly benefit Argos USA. With increasing demands for higher output consistency, our mixer ensures a consistent mix while reducing waste. Additionally, our CloudOps remote monitoring system provides real-time insights, optimizing your operations.

Would you be open to a brief 15-minute call to explore how this upgrade can enhance your ready-mix supply capabilities? 

Thank you for considering.

Best regards,  
[Your Name]  
[Your Position]  
[Your Contact Information]"
http://www.concreteondemand.com/,sales@concreteondemand.com,281) 755-5900,Operates batch plant → may upgrade to volumetric,True,"Subject: Upgrade to High-Output Volumetric Concrete Mixers

Dear [Recipient's Name],

I noticed that Concrete On Demand operates a batch plant and may be considering an upgrade to volumetric concrete mixers. Transitioning to a high-output volumetric system can provide a consistent mix, reduce waste, and enable CloudOps remote monitoring for improved efficiency.

I’d appreciate the opportunity to discuss how this upgrade could benefit your operations. Would you be open to a brief 15-minute call to explore this further?

Thank you for your time.

Best,  
[Your Name]  
[Your Position]  
[Your Contact Information]"
https://www.texasmaterials.com/,,78613 512-861-7100,Ready-mix supplier likely needs higher output consistency,True,"Subject: Exploring High-Output Volumetric Concrete Mixers for Texas Materials

Dear [Recipient's Name],

I’m reaching out to discuss the potential benefits of upgrading to a high-output volumetric concrete mixer for Texas Materials. As a ready-mix supplier, you likely seek higher output consistency and efficiency. Our mixers ensure a consistent mix with reduced waste, which can enhance your operational capacity and profitability. Additionally, our CloudOps remote monitoring allows for real-time adjustments, optimizing performance on the go.

Would you be open to a brief 15-minute call to explore how this upgrade could benefit your operations?

Best regards,  
[Your Name]  
[Your Company]  
[Your Contact Information]"
https://www.sanantonioconcretecontractors.com/,,210-750-6867 (210) 750-6867,On-site pours → volumetric mixer saves travel,True,"Subject: Enhance Your Concrete Operations with a Volumetric Mixer

Hi [Decision Maker's Name],

I’m reaching out to discuss how upgrading to a high-output volumetric concrete mixer can optimize your on-site pours at San Antonio Concrete Contractors. This solution not only reduces travel time but also ensures a consistent mix and minimizes waste. Additionally, with CloudOps remote monitoring, you can manage your operations more efficiently.

I believe a brief 15-minute call could provide valuable insights on how this upgrade can benefit your projects. 

Let me know your availability.

Best,  
[Your Name]  
[Your Company]  
[Your Contact Information]"
http://www.gccreadymix.com/,,+1 303-739-5900,Ready-mix supplier likely needs higher output consistency,True,"Subject: Enhance Your Ready-Mix Operations

Dear [Recipient's Name],

I’m reaching out to discuss how upgrading to a high-output volumetric concrete mixer can improve your operations at GCC Ready Mix. With a focus on higher output consistency, our mixers provide a reliable, consistent mix while significantly reducing waste. Additionally, our CloudOps remote monitoring feature allows for real-time oversight, ensuring efficiency and quality control.

I would appreciate the opportunity to explore how this upgrade could benefit your operations further. Could we schedule a brief 15-minute call to discuss?

Best regards,  
[Your Name]  
[Your Position]  
[Your Contact Information]  
[Your Company]"
http://www.gccusa.com/,,+1 303-739-5900,Ready-mix supplier likely needs higher output consistency,True,"Subject: Upgrade to High-Output Volumetric Mixers

Dear [Decision Maker's Name],

I hope this message finds you well. Given GCC USA's commitment to quality in ready-mix supply, I wanted to discuss how upgrading to a high-output volumetric concrete mixer could enhance your operations. 

These mixers ensure a consistent mix, significantly reduce waste, and offer CloudOps remote monitoring for real-time performance tracking. This can lead to improved efficiency and cost savings.

I’d appreciate the opportunity for a brief 15-minute call to explore how this upgrade could benefit GCC USA. Please let me know your availability.

Best regards,  
[Your Name]  
[Your Position]  
[Your Contact Information]"
http://www.gcc.com/,,+1 303-739-5900,Ready-mix supplier likely needs higher output consistency,True,"Subject: Enhance Your Ready-Mix Efficiency

Dear [Decision-Maker's Name],

I hope this message finds you well. As a leader in ready-mix supply, you understand the importance of consistent output. Upgrading to a high-output volumetric concrete mixer can significantly improve your operations by ensuring uniform mixes, reducing waste, and enabling CloudOps remote monitoring for real-time adjustments.

This transition could streamline your processes and enhance your service reliability. I’d appreciate the opportunity to discuss how this upgrade could benefit GCC.

Would you be available for a brief 15-minute call this week?

Best regards,  
[Your Name]  
[Your Position]  
[Your Contact Information]"
https://www.martinmarietta.com/locations/southwest/north-texas-ready-mix-district/euless-ready-mix/,,972) 647-6760,Ready-mix supplier likely needs higher output consistency,True,"Subject: Enhancing Your Ready-Mix Operations

Dear [Decision Maker's Name],

I’m reaching out to discuss how a high-output volumetric concrete mixer can improve Martin Marietta’s ready-mix operations. Upgrading to this technology can provide you with consistent mix quality, significantly reduce waste, and enable CloudOps remote monitoring for better operational oversight.

These enhancements could lead to increased efficiency and cost savings for your projects. 

Would you be open to a brief 15-minute call to explore how this upgrade could benefit your operations?

Best regards,  
[Your Name]  
[Your Position]  
[Your Company]  
[Your Contact Information]"
http://www.wisereadymix.com/,,817) 444-6377 (940) 683-4255,Ready-mix supplier likely needs higher output consistency,True,"Subject: Enhance Your Ready-Mix Operations

Dear [Decision Maker's Name],

I’m reaching out to discuss how upgrading to a high-output volumetric concrete mixer can significantly improve your operations at Wise Ready Mix. With the demand for higher output consistency, our mixers provide a reliable, consistent mix while reducing waste. Additionally, our CloudOps remote monitoring ensures you can track performance in real-time, optimizing efficiency.

I’d appreciate the opportunity for a brief 15-minute call to explore how this upgrade could benefit your business.

Best regards,  
[Your Name]  
[Your Position]  
[Your Company]  
[Your Contact Information]"
https://www.martinmarietta.com/locations/southwest/north-texas-ready-mix-district/hemphill-ready-mix/,,972) 647-6760,Ready-mix supplier likely needs higher output consistency,True,"Subject: Enhancing Your Concrete Delivery Efficiency

Dear [Recipient's Name],

I’m reaching out to discuss the potential benefits of upgrading to a high-output volumetric concrete mixer for Martin Marietta. With the increasing demand for ready-mix concrete, our mixers provide consistent mix quality, reduce waste, and offer CloudOps remote monitoring for real-time performance insights.

This upgrade could enhance your operational efficiency and reliability, ensuring you meet customer demands effectively.

Could we schedule a brief 15-minute call to explore how this solution might benefit Martin Marietta?

Best regards,  
[Your Name]  
[Your Position]  
[Your Company]  
[Your Contact Information]"
https://www.cowtownrm.com/?utm_source=GBP&utm_medium=gbp&utm_campaign=fort-worth,,817-759-2599 817-759-2599 817-759-2599,Ready-mix supplier likely needs higher output consistency,True,"Subject: Enhance Your Ready-Mix Operations

Dear [Decision Maker's Name],

I hope this message finds you well. I’m reaching out to discuss the potential benefits of upgrading to a high-output volumetric concrete mixer for Cowtown Ready Mix. With the demand for consistent output and quality in ready-mix supply, this upgrade could significantly reduce waste and improve mix consistency.

Additionally, our mixers offer CloudOps remote monitoring, allowing for real-time adjustments and optimal performance. 

Would you be open to a brief 15-minute call to explore how this upgrade can enhance your operations?

Best regards,  
[Your Name]  
[Your Position]  
[Your Company]  
[Your Contact Information]"
https://texasmaterials.com/,,78613 512-861-7100,Ready-mix supplier likely needs higher output consistency,True,"Subject: Enhance Your Ready-Mix Operations

Dear [Recipient's Name],

I’m reaching out to discuss how upgrading to a high-output volumetric concrete mixer could significantly benefit Texas Materials. With the growing demand for consistent mix quality, our solution can help you achieve higher output consistency while reducing waste. Additionally, our CloudOps remote monitoring feature provides real-time insights, ensuring optimal performance and efficiency.

I believe a brief 15-minute call could explore how this upgrade aligns with your operational goals. Please let me know a suitable time for you.

Best regards,  
[Your Name]  
[Your Position]  
[Your Company]  
[Your Contact Information]"
https://qualityreadymixtx.com/,,361) 289-2515,Ready-mix supplier likely needs higher output consistency,True,"Subject: Upgrade Your Ready-Mix Operations

Hi [Name],

I’m reaching out to discuss how upgrading to a high-output volumetric concrete mixer can enhance your operations at Quality Ready Mix. Our mixers provide consistent mix quality and reduce waste, ensuring you meet demand efficiently. With CloudOps remote monitoring, you can track performance in real-time, optimizing your workflow.

Would you be open to a brief 15-minute call to explore how this upgrade can benefit your operations?

Best,  
[Your Name]  
[Your Company]  
[Your Contact Information]"
http://www.qualityreadymixtx.com/,,361) 289-2515,Ready-mix supplier likely needs higher output consistency,True,"Subject: Enhance Your Ready-Mix Operations  

Hi [Recipient's Name],  

I’m reaching out to discuss how upgrading to a high-output volumetric concrete mixer can significantly enhance your operations at Quality Ready Mix. These mixers provide consistent output, ensuring uniformity in every batch and reducing material waste. Additionally, with CloudOps remote monitoring, you can manage your fleet more efficiently.  

I believe a brief 15-minute call could help us explore how this upgrade could meet your needs. Please let me know your availability.  

Best,  
[Your Name]  
[Your Position]  
[Your Contact Information]"
http://www.dcconcretecutting.net/,dcconcretecutting@outlook.com,361) 289-9380,Concrete supplier (generic),True,"Subject: Enhance Your Concrete Supply with Advanced Mixing Technology

Dear [Decision Maker's Name],

I’m reaching out to discuss the potential benefits of upgrading to a high-output volumetric concrete mixer for DC Concrete Cutting. This technology ensures a consistent mix, significantly reducing waste and improving overall efficiency in your operations. Additionally, features like CloudOps remote monitoring can enhance project management and logistics.

I believe a brief 15-minute call could provide valuable insights into how this upgrade could streamline your processes and boost profitability.

Please let me know your availability.

Best,  
[Your Name]  
[Your Company]  
[Your Contact Information]"
https://www.martinmarietta.com/locations/southwest/central-texas-district/corpus-christi-yard,,361) 299-6299,Ready-mix supplier likely needs higher output consistency,True,"Subject: Enhance Your Concrete Output Consistency

Dear [Decision-Maker's Name],

I hope this message finds you well. As a leading ready-mix supplier, ensuring high output consistency is crucial for your operations. Upgrading to a high-output volumetric concrete mixer can significantly improve your mix consistency and reduce waste, ultimately enhancing your bottom line.

Additionally, our CloudOps remote monitoring feature allows for real-time adjustments, ensuring optimal performance at all times. 

I’d appreciate the opportunity to discuss how this upgrade could benefit Martin Marietta. Would you be available for a brief 15-minute call next week?

Best regards,  
[Your Name]  
[Your Position]  
[Your Contact Information]  
[Your Company]"
http://triplecconcreteoflubbock.com/,,806-745-1111,Ready-mix supplier likely needs higher output consistency,True,"Subject: Upgrade Your Concrete Mixing Efficiency

Dear [Decision Maker's Name],

I hope this message finds you well. I wanted to discuss the potential benefits of upgrading to a high-output volumetric concrete mixer for Triple C Concrete of Lubbock. This upgrade can provide a consistent mix, reduce waste, and enhance operational efficiency. Additionally, our mixers come with CloudOps remote monitoring, allowing for real-time adjustments and improved quality control.

Could we schedule a brief 15-minute call to explore how this could benefit your operations? 

Best regards,  
[Your Name]  
[Your Position]  
[Your Company]  
[Your Contact Information]"
https://www.martinmarietta.com/locations/southwest/mobile-industrial-solutions/lubbock-ready-mix,,806) 474-2721,Ready-mix supplier likely needs higher output consistency,True,"Subject: Enhancing Your Concrete Output

Dear [Decision Maker's Name],

I hope this message finds you well. As a leader in the ready-mix industry, you understand the importance of consistent output. Upgrading to a high-output volumetric concrete mixer can significantly enhance your operations by ensuring uniform mixes, reducing waste, and offering CloudOps remote monitoring for real-time oversight.

I believe a brief discussion could provide valuable insights into how this upgrade can benefit Martin Marietta. Would you be open to a 15-minute call next week to explore this further?

Thank you for your time.

Best,  
[Your Name]  
[Your Position]  
[Your Contact Information]"
